"doc_id","topic","probability","is_topic_dominant"
"1","1",0.000793941387141918,0
"1","2",0.000793941387141921,0
"1","3",0.00079394138714192,0
"1","4",0.00079394138714192,0
"1","5",0.000793941387141927,0
"1","6",0.000793941387141919,0
"1","7",0.00079394138714192,0
"1","8",0.000793941387141917,0
"1","9",0.000793941387141929,0
"1","10",0.992854527515723,1
"2","1",0.00185648949895353,0
"2","2",0.0999190570589851,0
"2","3",0.00185648949895353,0
"2","4",0.00185648949895354,0
"2","5",0.00185648949895354,0
"2","6",0.00185648949895353,0
"2","7",0.00185648949895354,0
"2","8",0.00185648949895353,0
"2","9",0.00185648949895353,0
"2","10",0.885229026949387,1
"3","1",0.00157537521842205,0
"3","2",0.00157537521842205,0
"3","3",0.152821029757428,0
"3","4",0.00157537521842207,0
"3","5",0.00157537521842203,0
"3","6",0.00157537521842207,0
"3","7",0.261807477805123,0
"3","8",0.574343865908494,1
"3","9",0.00157537521842206,0
"3","10",0.00157537521842206,0
"4","1",0.00253502463624819,0
"4","2",0.00253502463624818,0
"4","3",0.977184778273766,1
"4","4",0.00253502463624819,0
"4","5",0.00253502463624818,0
"4","6",0.00253502463624819,0
"4","7",0.00253502463624818,0
"4","8",0.00253502463624819,0
"4","9",0.00253502463624819,0
"4","10",0.00253502463624819,0
"5","1",0.00136819909189009,0
"5","2",0.00136819909189006,0
"5","3",0.00136819909189005,0
"5","4",0.00136819909189008,0
"5","5",0.00136819909189008,0
"5","6",0.0013681990918901,0
"5","7",0.593159004581266,1
"5","8",0.110672695414605,0
"5","9",0.286590906360898,0
"5","10",0.00136819909189008,0
"6","1",0.519481431481935,1
"6","2",0.00170441890387143,0
"6","3",0.00170441890387144,0
"6","4",0.00170441890387144,0
"6","5",0.00170441890387144,0
"6","6",0.00170441890387143,0
"6","7",0.397944689762862,0
"6","8",0.00170441890387144,0
"6","9",0.00170441890387143,0
"6","10",0.070642946428103,0
"7","1",0.00399527075917908,0
"7","2",0.196004729235232,0
"7","3",0.00399527075917908,0
"7","4",0.772033104691335,1
"7","5",0.00399527075917907,0
"7","6",0.00399527075917908,0
"7","7",0.00399527075917908,0
"7","8",0.00399527075917908,0
"7","9",0.00399527075917908,0
"7","10",0.00399527075917908,0
"8","1",0.00399527075917908,0
"8","2",0.00399527075917908,0
"8","3",0.00399527075917908,0
"8","4",0.00399527075917907,0
"8","5",0.00399527075917908,0
"8","6",0.964042563167388,1
"8","7",0.00399527075917908,0
"8","8",0.00399527075917908,0
"8","9",0.00399527075917908,0
"8","10",0.00399527075917907,0
"9","1",0.00157537521842207,0
"9","2",0.00157537521842207,0
"9","3",0.00157537521842207,0
"9","4",0.00157537521842207,0
"9","5",0.00157537521842207,0
"9","6",0.00157537521842208,0
"9","7",0.00157537521842206,0
"9","8",0.985821623034201,1
"9","9",0.00157537521842207,0
"9","10",0.00157537521842202,0
"10","1",0.00288671687229913,0
"10","2",0.00288671687229913,0
"10","3",0.00288671687229913,0
"10","4",0.00288671687229913,0
"10","5",0.00288671687229913,0
"10","6",0.00288671687229913,0
"10","7",0.00288671687229913,0
"10","8",0.974019548149308,1
"10","9",0.00288671687229913,0
"10","10",0.00288671687229913,0
"11","1",0.000793941387141953,0
"11","2",0.000793941387141928,0
"11","3",0.000793941387141933,0
"11","4",0.00079394138714192,0
"11","5",0.000793941387141913,0
"11","6",0.000793941387141942,0
"11","7",0.992854527515723,1
"11","8",0.000793941387141923,0
"11","9",0.000793941387141927,0
"11","10",0.000793941387141916,0
"12","1",0.00253502463624818,0
"12","2",0.00253502463624818,0
"12","3",0.00253502463624818,0
"12","4",0.00253502463624819,0
"12","5",0.00253502463624818,0
"12","6",0.00253502463624819,0
"12","7",0.00253502463624818,0
"12","8",0.00253502463624818,0
"12","9",0.00253502463624819,0
"12","10",0.977184778273766,1
"13","1",0.00288671687229913,0
"13","2",0.00288671687229913,0
"13","3",0.00288671687229912,0
"13","4",0.00288671687229913,0
"13","5",0.00288671687229913,0
"13","6",0.00288671687229913,0
"13","7",0.00288671687229913,0
"13","8",0.974019548149308,1
"13","9",0.00288671687229913,0
"13","10",0.00288671687229912,0
"14","1",0.00128378444409107,0
"14","2",0.00128378444409108,0
"14","3",0.659555406678002,1
"14","4",0.00128378444409107,0
"14","5",0.00128378444409107,0
"14","6",0.00128378444409103,0
"14","7",0.00128378444409105,0
"14","8",0.00128378444409107,0
"14","9",0.00128378444409107,0
"14","10",0.330174317769269,0
"15","1",0.00185648949895352,0
"15","2",0.00185648949895349,0
"15","3",0.00185648949895353,0
"15","4",0.00185648949895353,0
"15","5",0.00185648949895353,0
"15","6",0.00185648949895353,0
"15","7",0.983291594509418,1
"15","8",0.00185648949895353,0
"15","9",0.00185648949895353,0
"15","10",0.00185648949895353,0
"16","1",0.00288671687229912,0
"16","2",0.00288671687229913,0
"16","3",0.00288671687229913,0
"16","4",0.00288671687229913,0
"16","5",0.00288671687229913,0
"16","6",0.974019548149308,1
"16","7",0.00288671687229912,0
"16","8",0.00288671687229913,0
"16","9",0.00288671687229913,0
"16","10",0.00288671687229912,0
"17","1",0.00185648949895354,0
"17","2",0.00185648949895354,0
"17","3",0.00185648949895353,0
"17","4",0.00185648949895354,0
"17","5",0.00185648949895354,0
"17","6",0.00185648949895353,0
"17","7",0.00185648949895353,0
"17","8",0.00185648949895354,0
"17","9",0.00185648949895353,0
"17","10",0.983291594509418,1
"18","1",0.00108327747097014,0
"18","2",0.00108327747097015,0
"18","3",0.00108327747097015,0
"18","4",0.00108327747097015,0
"18","5",0.00108327747097015,0
"18","6",0.850300943063155,1
"18","7",0.00108327747097015,0
"18","8",0.141032837169084,0
"18","9",0.00108327747097015,0
"18","10",0.00108327747097014,0
"19","1",0.00170441890387143,0
"19","2",0.00170441890387142,0
"19","3",0.00170441890387144,0
"19","4",0.00170441890387139,0
"19","5",0.00170441890387143,0
"19","6",0.00170441890387145,0
"19","7",0.415946375926374,0
"19","8",0.00170441890387144,0
"19","9",0.00170441890387144,0
"19","10",0.570418272842655,1
"20","1",0.00203835426555973,0
"20","2",0.00203835426555973,0
"20","3",0.235455420133481,0
"20","4",0.00203835426555974,0
"20","5",0.0020383542655597,0
"20","6",0.748237745742041,1
"20","7",0.00203835426555972,0
"20","8",0.00203835426555973,0
"20","9",0.00203835426555973,0
"20","10",0.00203835426555974,0
"21","1",0.00335171061836051,0
"21","2",0.00335171061836051,0
"21","3",0.281916089895409,0
"21","4",0.691270225157707,1
"21","5",0.00335171061836049,0
"21","6",0.00335171061836051,0
"21","7",0.0033517106183605,0
"21","8",0.0033517106183605,0
"21","9",0.00335171061836051,0
"21","10",0.00335171061836051,0
"22","1",0.00253502463624819,0
"22","2",0.00253502463624819,0
"22","3",0.00253502463624818,0
"22","4",0.00253502463624815,0
"22","5",0.00253502463624817,0
"22","6",0.00253502463624818,0
"22","7",0.977184778273766,1
"22","8",0.00253502463624818,0
"22","9",0.00253502463624817,0
"22","10",0.00253502463624818,0
"23","1",0.993117150726659,1
"23","2",0.000764761030371214,0
"23","3",0.00076476103037122,0
"23","4",0.000764761030371216,0
"23","5",0.000764761030371214,0
"23","6",0.000764761030371198,0
"23","7",0.000764761030371209,0
"23","8",0.000764761030371223,0
"23","9",0.000764761030371191,0
"23","10",0.000764761030371215,0
"24","1",0.000896570492742153,0
"24","2",0.000896570492742151,0
"24","3",0.000896570492742146,0
"24","4",0.991930865565321,1
"24","5",0.000896570492742154,0
"24","6",0.000896570492742126,0
"24","7",0.000896570492742152,0
"24","8",0.000896570492742151,0
"24","9",0.000896570492742151,0
"24","10",0.000896570492742148,0
"25","1",0.00170441890387143,0
"25","2",0.00170441890387145,0
"25","3",0.00170441890387144,0
"25","4",0.00170441890387144,0
"25","5",0.00170441890387144,0
"25","6",0.00170441890387144,0
"25","7",0.984660229865157,1
"25","8",0.00170441890387144,0
"25","9",0.00170441890387142,0
"25","10",0.00170441890387144,0
"26","1",0.00128378444409105,0
"26","2",0.00128378444409108,0
"26","3",0.00128378444409107,0
"26","4",0.00128378444409107,0
"26","5",0.00128378444409107,0
"26","6",0.00128378444409108,0
"26","7",0.98844594000318,1
"26","8",0.00128378444409107,0
"26","9",0.00128378444409108,0
"26","10",0.00128378444409106,0
"27","1",0.00399527075917906,0
"27","2",0.00399527075917908,0
"27","3",0.00399527075917906,0
"27","4",0.00399527075917906,0
"27","5",0.00399527075917906,0
"27","6",0.00399527075917906,0
"27","7",0.964042563167388,1
"27","8",0.00399527075917906,0
"27","9",0.00399527075917908,0
"27","10",0.00399527075917906,0
"28","1",0.97966251844693,1
"28","2",0.00225972017256336,0
"28","3",0.00225972017256336,0
"28","4",0.00225972017256336,0
"28","5",0.00225972017256336,0
"28","6",0.00225972017256336,0
"28","7",0.00225972017256336,0
"28","8",0.00225972017256336,0
"28","9",0.00225972017256336,0
"28","10",0.00225972017256336,0
"29","1",0.00146449636802452,0
"29","2",0.00146449636802452,0
"29","3",0.00146449636802452,0
"29","4",0.00146449636802451,0
"29","5",0.00146449636802448,0
"29","6",0.00146449636802452,0
"29","7",0.00146449636802452,0
"29","8",0.00146449636802452,0
"29","9",0.986819532687779,1
"29","10",0.00146449636802451,0
"30","1",0.00185648949895352,0
"30","2",0.418912897265953,0
"30","3",0.00185648949895351,0
"30","4",0.566235186742418,1
"30","5",0.00185648949895353,0
"30","6",0.00185648949895353,0
"30","7",0.00185648949895351,0
"30","8",0.00185648949895354,0
"30","9",0.00185648949895352,0
"30","10",0.00185648949895354,0
"31","1",0.00399527075917908,0
"31","2",0.00399527075917908,0
"31","3",0.00399527075917908,0
"31","4",0.00399527075917908,0
"31","5",0.00399527075917908,0
"31","6",0.436770681493623,0
"31","7",0.00399527075917908,0
"31","8",0.531267152432944,1
"31","9",0.00399527075917908,0
"31","10",0.00399527075917907,0
"32","1",0.00128378444409108,0
"32","2",0.00128378444409104,0
"32","3",0.00128378444409104,0
"32","4",0.00128378444409107,0
"32","5",0.720442326739698,1
"32","6",0.00128378444409108,0
"32","7",0.269287397707573,0
"32","8",0.00128378444409108,0
"32","9",0.00128378444409105,0
"32","10",0.00128378444409109,0
"33","1",0.0033517106183605,0
"33","2",0.00335171061836051,0
"33","3",0.00335171061836051,0
"33","4",0.0033517106183605,0
"33","5",0.0033517106183605,0
"33","6",0.00335171061836051,0
"33","7",0.00335171061836051,0
"33","8",0.0033517106183605,0
"33","9",0.969834604434755,1
"33","10",0.00335171061836051,0
"34","1",0.00494469991155002,0
"34","2",0.95549770079605,1
"34","3",0.00494469991155001,0
"34","4",0.00494469991155002,0
"34","5",0.00494469991155001,0
"34","6",0.00494469991155001,0
"34","7",0.00494469991155001,0
"34","8",0.00494469991155002,0
"34","9",0.00494469991155002,0
"34","10",0.00494469991155002,0
"35","1",0.0033517106183605,0
"35","2",0.0033517106183605,0
"35","3",0.00335171061836049,0
"35","4",0.00335171061836051,0
"35","5",0.969834604434755,1
"35","6",0.0033517106183605,0
"35","7",0.00335171061836052,0
"35","8",0.0033517106183605,0
"35","9",0.00335171061836051,0
"35","10",0.00335171061836051,0
"36","1",0.00225972017256336,0
"36","2",0.00225972017256336,0
"36","3",0.97966251844693,1
"36","4",0.00225972017256336,0
"36","5",0.00225972017256337,0
"36","6",0.00225972017256336,0
"36","7",0.00225972017256336,0
"36","8",0.00225972017256336,0
"36","9",0.00225972017256336,0
"36","10",0.00225972017256336,0
"37","1",0.00146449636802454,0
"37","2",0.00146449636802451,0
"37","3",0.00146449636802451,0
"37","4",0.00146449636802452,0
"37","5",0.00146449636802452,0
"37","6",0.00146449636802451,0
"37","7",0.0014644963680245,0
"37","8",0.00146449636802452,0
"37","9",0.986819532687779,1
"37","10",0.00146449636802453,0
"38","1",0.00399527075917908,0
"38","2",0.00399527075917907,0
"38","3",0.00399527075917908,0
"38","4",0.00399527075917908,0
"38","5",0.00399527075917908,0
"38","6",0.00399527075917909,0
"38","7",0.00399527075917908,0
"38","8",0.964042563167388,1
"38","9",0.00399527075917908,0
"38","10",0.00399527075917907,0
"39","1",0.00335171061836049,0
"39","2",0.00335171061836049,0
"39","3",0.00335171061836049,0
"39","4",0.00335171061836049,0
"39","5",0.00335171061836052,0
"39","6",0.00335171061836049,0
"39","7",0.00335171061836049,0
"39","8",0.00335171061836049,0
"39","9",0.0033517106183605,0
"39","10",0.969834604434756,1
"40","1",0.000666740119175605,0
"40","2",0.00066674011917561,0
"40","3",0.000666740119175588,0
"40","4",0.000666740119175614,0
"40","5",0.99399933892742,1
"40","6",0.000666740119175593,0
"40","7",0.000666740119175603,0
"40","8",0.000666740119175598,0
"40","9",0.000666740119175622,0
"40","10",0.000666740119175614,0
"41","1",0.00170441890387144,0
"41","2",0.00170441890387144,0
"41","3",0.00170441890387144,0
"41","4",0.00170441890387142,0
"41","5",0.00170441890387142,0
"41","6",0.00170441890387144,0
"41","7",0.00170441890387144,0
"41","8",0.984660229865157,1
"41","9",0.00170441890387144,0
"41","10",0.00170441890387144,0
"42","1",0.95549770079605,1
"42","2",0.00494469991155001,0
"42","3",0.00494469991155003,0
"42","4",0.00494469991155001,0
"42","5",0.00494469991155002,0
"42","6",0.00494469991155002,0
"42","7",0.00494469991155002,0
"42","8",0.00494469991155002,0
"42","9",0.00494469991155002,0
"42","10",0.00494469991155002,0
"43","1",0.00253502463624819,0
"43","2",0.246067548541697,0
"43","3",0.00253502463624814,0
"43","4",0.00253502463624817,0
"43","5",0.00253502463624819,0
"43","6",0.00253502463624819,0
"43","7",0.733652254368318,1
"43","8",0.00253502463624817,0
"43","9",0.00253502463624818,0
"43","10",0.00253502463624819,0
"44","1",0.00288671687229913,0
"44","2",0.707947104911019,1
"44","3",0.00288671687229913,0
"44","4",0.00288671687229913,0
"44","5",0.00288671687229912,0
"44","6",0.00288671687229913,0
"44","7",0.268959160110588,0
"44","8",0.00288671687229913,0
"44","9",0.00288671687229913,0
"44","10",0.00288671687229913,0
"45","1",0.00253502463624819,0
"45","2",0.00253502463624819,0
"45","3",0.00253502463624819,0
"45","4",0.00253502463624817,0
"45","5",0.00253502463624819,0
"45","6",0.35605645867308,0
"45","7",0.623663344236934,1
"45","8",0.00253502463624819,0
"45","9",0.00253502463624817,0
"45","10",0.00253502463624819,0
"46","1",0.00146449636802451,0
"46","2",0.00146449636802451,0
"46","3",0.00146449636802452,0
"46","4",0.00146449636802451,0
"46","5",0.00146449636802452,0
"46","6",0.00146449636802451,0
"46","7",0.00146449636802451,0
"46","8",0.986819532687779,1
"46","9",0.00146449636802451,0
"46","10",0.00146449636802452,0
"47","1",0.986819532687779,1
"47","2",0.00146449636802452,0
"47","3",0.00146449636802449,0
"47","4",0.00146449636802452,0
"47","5",0.00146449636802451,0
"47","6",0.00146449636802449,0
"47","7",0.00146449636802454,0
"47","8",0.00146449636802452,0
"47","9",0.00146449636802452,0
"47","10",0.00146449636802452,0
"48","1",0.969834604434755,1
"48","2",0.00335171061836051,0
"48","3",0.00335171061836051,0
"48","4",0.00335171061836051,0
"48","5",0.00335171061836051,0
"48","6",0.00335171061836051,0
"48","7",0.00335171061836051,0
"48","8",0.00335171061836051,0
"48","9",0.00335171061836051,0
"48","10",0.00335171061836051,0
"49","1",0.00288671687229913,0
"49","2",0.522795761423887,1
"49","3",0.00288671687229912,0
"49","4",0.00288671687229913,0
"49","5",0.00288671687229912,0
"49","6",0.00288671687229913,0
"49","7",0.00288671687229913,0
"49","8",0.00288671687229913,0
"49","9",0.45411050359772,0
"49","10",0.00288671687229913,0
"50","1",0.00942343904116648,0
"50","2",0.00942343904116648,0
"50","3",0.0094234390411665,0
"50","4",0.00942343904116648,0
"50","5",0.915189048629502,1
"50","6",0.00942343904116648,0
"50","7",0.00942343904116648,0
"50","8",0.00942343904116648,0
"50","9",0.00942343904116648,0
"50","10",0.00942343904116648,0
"51","1",0.449558847877609,0
"51","2",0.00114277180882684,0
"51","3",0.00114277180882685,0
"51","4",0.00114277180882686,0
"51","5",0.00114277180882685,0
"51","6",0.00114277180882684,0
"51","7",0.00114277180882686,0
"51","8",0.00114277180882685,0
"51","9",0.00114277180882685,0
"51","10",0.541298977651777,1
"52","1",0.00225972017256334,0
"52","2",0.00225972017256336,0
"52","3",0.00225972017256336,0
"52","4",0.00225972017256335,0
"52","5",0.00225972017256336,0
"52","6",0.00225972017256336,0
"52","7",0.00225972017256335,0
"52","8",0.00225972017256336,0
"52","9",0.97966251844693,1
"52","10",0.00225972017256336,0
"53","1",0.00102967130728647,0
"53","2",0.00102967130728649,0
"53","3",0.00102967130728648,0
"53","4",0.00102967130728649,0
"53","5",0.990732958234422,1
"53","6",0.00102967130728648,0
"53","7",0.00102967130728649,0
"53","8",0.0010296713072865,0
"53","9",0.00102967130728647,0
"53","10",0.00102967130728646,0
"54","1",0.21946038014231,0
"54","2",0.00225972017256336,0
"54","3",0.00225972017256336,0
"54","4",0.00225972017256336,0
"54","5",0.234428650017757,0
"54","6",0.530292928631989,1
"54","7",0.00225972017256337,0
"54","8",0.00225972017256336,0
"54","9",0.00225972017256337,0
"54","10",0.00225972017256336,0
"55","1",0.00253502463624818,0
"55","2",0.0025350246362482,0
"55","3",0.00253502463624819,0
"55","4",0.00253502463624819,0
"55","5",0.00253502463624818,0
"55","6",0.00253502463624819,0
"55","7",0.00253502463624818,0
"55","8",0.696236853966984,1
"55","9",0.0025350246362482,0
"55","10",0.28348294894303,0
"56","1",0.0033517106183605,0
"56","2",0.0033517106183605,0
"56","3",0.0033517106183605,0
"56","4",0.00335171061836051,0
"56","5",0.00335171061836051,0
"56","6",0.00335171061836051,0
"56","7",0.645240440171696,1
"56","8",0.32794587488142,0
"56","9",0.0033517106183605,0
"56","10",0.00335171061836051,0
"57","1",0.0033517106183605,0
"57","2",0.00335171061836051,0
"57","3",0.00335171061836049,0
"57","4",0.0033517106183605,0
"57","5",0.969834604434755,1
"57","6",0.0033517106183605,0
"57","7",0.00335171061836048,0
"57","8",0.0033517106183605,0
"57","9",0.00335171061836051,0
"57","10",0.00335171061836051,0
"58","1",0.00399527075917907,0
"58","2",0.00399527075917907,0
"58","3",0.00399527075917907,0
"58","4",0.00399527075917908,0
"58","5",0.00399527075917907,0
"58","6",0.00399527075917907,0
"58","7",0.00399527075917907,0
"58","8",0.964042563167388,1
"58","9",0.00399527075917907,0
"58","10",0.00399527075917907,0
"59","1",0.00253502463624819,0
"59","2",0.00253502463624818,0
"59","3",0.00253502463624819,0
"59","4",0.00253502463624819,0
"59","5",0.00253502463624819,0
"59","6",0.977184778273766,1
"59","7",0.00253502463624819,0
"59","8",0.00253502463624819,0
"59","9",0.00253502463624819,0
"59","10",0.00253502463624819,0
"60","1",0.00288671687229913,0
"60","2",0.00288671687229912,0
"60","3",0.00288671687229912,0
"60","4",0.00288671687229912,0
"60","5",0.00288671687229913,0
"60","6",0.00288671687229912,0
"60","7",0.00288671687229913,0
"60","8",0.00288671687229913,0
"60","9",0.00288671687229913,0
"60","10",0.974019548149308,1
"61","1",0.00146449636802453,0
"61","2",0.00146449636802452,0
"61","3",0.00146449636802452,0
"61","4",0.00146449636802452,0
"61","5",0.00146449636802451,0
"61","6",0.986819532687779,1
"61","7",0.00146449636802452,0
"61","8",0.00146449636802452,0
"61","9",0.00146449636802452,0
"61","10",0.00146449636802452,0
"62","1",0.00128378444409108,0
"62","2",0.00128378444409108,0
"62","3",0.00128378444409108,0
"62","4",0.00128378444409108,0
"62","5",0.00128378444409107,0
"62","6",0.00128378444409108,0
"62","7",0.00128378444409107,0
"62","8",0.98844594000318,1
"62","9",0.00128378444409107,0
"62","10",0.00128378444409108,0
"63","1",0.00146449636802453,0
"63","2",0.00146449636802452,0
"63","3",0.00146449636802452,0
"63","4",0.00146449636802452,0
"63","5",0.00146449636802451,0
"63","6",0.986819532687779,1
"63","7",0.00146449636802452,0
"63","8",0.00146449636802452,0
"63","9",0.00146449636802452,0
"63","10",0.00146449636802452,0
"64","1",0.993588448397366,1
"64","2",0.000712394622514925,0
"64","3",0.00071239462251494,0
"64","4",0.000712394622514934,0
"64","5",0.000712394622514938,0
"64","6",0.000712394622514941,0
"64","7",0.00071239462251493,0
"64","8",0.000712394622514919,0
"64","9",0.000712394622514942,0
"64","10",0.000712394622514951,0
"65","1",0.000431622213923487,0
"65","2",0.996115400074689,1
"65","3",0.000431622213923462,0
"65","4",0.000431622213923458,0
"65","5",0.000431622213923456,0
"65","6",0.000431622213923493,0
"65","7",0.000431622213923458,0
"65","8",0.000431622213923455,0
"65","9",0.000431622213923465,0
"65","10",0.000431622213923465,0
"66","1",0.00128378444409108,0
"66","2",0.00128378444409108,0
"66","3",0.00128378444409108,0
"66","4",0.00128378444409108,0
"66","5",0.00128378444409107,0
"66","6",0.00128378444409108,0
"66","7",0.00128378444409107,0
"66","8",0.98844594000318,1
"66","9",0.00128378444409107,0
"66","10",0.00128378444409108,0
"67","1",0.00253502463624818,0
"67","2",0.00253502463624819,0
"67","3",0.00253502463624818,0
"67","4",0.00253502463624818,0
"67","5",0.00253502463624819,0
"67","6",0.977184778273766,1
"67","7",0.00253502463624819,0
"67","8",0.00253502463624819,0
"67","9",0.00253502463624818,0
"67","10",0.00253502463624818,0
"68","1",0.00203835426555973,0
"68","2",0.00203835426555973,0
"68","3",0.00203835426555973,0
"68","4",0.00203835426555973,0
"68","5",0.00203835426555972,0
"68","6",0.00203835426555973,0
"68","7",0.981654811609962,1
"68","8",0.00203835426555973,0
"68","9",0.00203835426555971,0
"68","10",0.00203835426555973,0
"69","1",0.00157537521842206,0
"69","2",0.00157537521842208,0
"69","3",0.00157537521842208,0
"69","4",0.001575375218422,0
"69","5",0.00157537521842207,0
"69","6",0.00157537521842208,0
"69","7",0.985821623034201,1
"69","8",0.00157537521842208,0
"69","9",0.00157537521842207,0
"69","10",0.00157537521842207,0
"70","1",0.00942343904116648,0
"70","2",0.00942343904116648,0
"70","3",0.00942343904116648,0
"70","4",0.00942343904116648,0
"70","5",0.915189048629502,1
"70","6",0.00942343904116648,0
"70","7",0.00942343904116648,0
"70","8",0.00942343904116648,0
"70","9",0.00942343904116648,0
"70","10",0.00942343904116648,0
"71","1",0.00288671687229913,0
"71","2",0.974019548149308,1
"71","3",0.00288671687229912,0
"71","4",0.00288671687229911,0
"71","5",0.00288671687229911,0
"71","6",0.00288671687229913,0
"71","7",0.00288671687229905,0
"71","8",0.00288671687229913,0
"71","9",0.00288671687229911,0
"71","10",0.00288671687229913,0
"72","1",0.00170441890387144,0
"72","2",0.984660229865157,1
"72","3",0.00170441890387143,0
"72","4",0.00170441890387144,0
"72","5",0.00170441890387143,0
"72","6",0.00170441890387144,0
"72","7",0.00170441890387144,0
"72","8",0.00170441890387144,0
"72","9",0.00170441890387144,0
"72","10",0.00170441890387143,0
"73","1",0.00146449636802452,0
"73","2",0.986819532687779,1
"73","3",0.00146449636802451,0
"73","4",0.00146449636802451,0
"73","5",0.00146449636802451,0
"73","6",0.00146449636802452,0
"73","7",0.00146449636802452,0
"73","8",0.00146449636802452,0
"73","9",0.00146449636802451,0
"73","10",0.00146449636802453,0
"74","1",0.00253502463624819,0
"74","2",0.0025350246362482,0
"74","3",0.00253502463624818,0
"74","4",0.00253502463624819,0
"74","5",0.00253502463624819,0
"74","6",0.0025350246362482,0
"74","7",0.00253502463624819,0
"74","8",0.977184778273766,1
"74","9",0.00253502463624819,0
"74","10",0.00253502463624819,0
"75","1",0.000666740119175603,0
"75","2",0.00066674011917559,0
"75","3",0.000666740119175595,0
"75","4",0.99399933892742,1
"75","5",0.000666740119175597,0
"75","6",0.000666740119175595,0
"75","7",0.000666740119175577,0
"75","8",0.000666740119175596,0
"75","9",0.000666740119175556,0
"75","10",0.0006667401191756,0
"76","1",0.00185648949895353,0
"76","2",0.778077730708378,1
"76","3",0.00185648949895349,0
"76","4",0.00185648949895354,0
"76","5",0.00185648949895353,0
"76","6",0.00185648949895353,0
"76","7",0.207070353299994,0
"76","8",0.00185648949895353,0
"76","9",0.00185648949895354,0
"76","10",0.00185648949895352,0
"77","1",0.00170441890387143,0
"77","2",0.841797696755961,1
"77","3",0.00170441890387138,0
"77","4",0.00170441890387143,0
"77","5",0.00170441890387143,0
"77","6",0.00170441890387144,0
"77","7",0.00170441890387144,0
"77","8",0.144566952013067,0
"77","9",0.00170441890387144,0
"77","10",0.00170441890387143,0
"78","1",0.00203835426555972,0
"78","2",0.981654811609962,1
"78","3",0.00203835426555972,0
"78","4",0.00203835426555974,0
"78","5",0.00203835426555973,0
"78","6",0.00203835426555973,0
"78","7",0.00203835426555973,0
"78","8",0.00203835426555973,0
"78","9",0.00203835426555967,0
"78","10",0.00203835426555973,0
"79","1",0.00146449636802452,0
"79","2",0.00146449636802452,0
"79","3",0.986819532687779,1
"79","4",0.00146449636802453,0
"79","5",0.00146449636802451,0
"79","6",0.00146449636802452,0
"79","7",0.00146449636802454,0
"79","8",0.00146449636802452,0
"79","9",0.00146449636802451,0
"79","10",0.00146449636802451,0
"80","1",0.00185648949895347,0
"80","2",0.00185648949895352,0
"80","3",0.00185648949895353,0
"80","4",0.00185648949895353,0
"80","5",0.00185648949895353,0
"80","6",0.00185648949895354,0
"80","7",0.00185648949895354,0
"80","8",0.00185648949895353,0
"80","9",0.00185648949895353,0
"80","10",0.983291594509418,1
"81","1",0.00185648949895351,0
"81","2",0.00185648949895355,0
"81","3",0.00185648949895349,0
"81","4",0.00185648949895353,0
"81","5",0.983291594509418,1
"81","6",0.00185648949895354,0
"81","7",0.00185648949895353,0
"81","8",0.00185648949895353,0
"81","9",0.00185648949895351,0
"81","10",0.00185648949895354,0
"82","1",0.00225972017256336,0
"82","2",0.00225972017256336,0
"82","3",0.00225972017256336,0
"82","4",0.00225972017256336,0
"82","5",0.00225972017256335,0
"82","6",0.00225972017256336,0
"82","7",0.00225972017256336,0
"82","8",0.97966251844693,1
"82","9",0.00225972017256336,0
"82","10",0.00225972017256335,0
"83","1",0.00114277180882685,0
"83","2",0.00114277180882686,0
"83","3",0.00114277180882685,0
"83","4",0.00114277180882685,0
"83","5",0.00114277180882685,0
"83","6",0.00114277180882685,0
"83","7",0.00114277180882685,0
"83","8",0.00114277180882685,0
"83","9",0.00114277180882685,0
"83","10",0.989715053720558,1
"84","1",0.00335171061836051,0
"84","2",0.0033517106183605,0
"84","3",0.00335171061836051,0
"84","4",0.00335171061836051,0
"84","5",0.0033517106183605,0
"84","6",0.969834604434755,1
"84","7",0.00335171061836051,0
"84","8",0.00335171061836051,0
"84","9",0.00335171061836051,0
"84","10",0.00335171061836051,0
"85","1",0.00114277180882683,0
"85","2",0.11046790309252,0
"85","3",0.00114277180882685,0
"85","4",0.00114277180882684,0
"85","5",0.00114277180882685,0
"85","6",0.880389922436866,1
"85","7",0.00114277180882685,0
"85","8",0.00114277180882685,0
"85","9",0.00114277180882684,0
"85","10",0.00114277180882686,0
"86","1",0.00146449636802453,0
"86","2",0.00146449636802453,0
"86","3",0.00146449636802452,0
"86","4",0.00146449636802452,0
"86","5",0.986819532687779,1
"86","6",0.00146449636802454,0
"86","7",0.00146449636802452,0
"86","8",0.00146449636802452,0
"86","9",0.0014644963680245,0
"86","10",0.00146449636802452,0
"87","1",0.00146449636802454,0
"87","2",0.00146449636802453,0
"87","3",0.0014644963680245,0
"87","4",0.00146449636802452,0
"87","5",0.00146449636802448,0
"87","6",0.00146449636802453,0
"87","7",0.00146449636802453,0
"87","8",0.00146449636802453,0
"87","9",0.986819532687779,1
"87","10",0.00146449636802452,0
"88","1",0.00102967130728649,0
"88","2",0.0010296713072865,0
"88","3",0.0010296713072865,0
"88","4",0.00102967130728648,0
"88","5",0.0010296713072865,0
"88","6",0.00102967130728648,0
"88","7",0.0010296713072865,0
"88","8",0.00102967130728649,0
"88","9",0.00102967130728648,0
"88","10",0.990732958234422,1
"89","1",0.000859534486068624,0
"89","2",0.000859534486068607,0
"89","3",0.173341046864551,0
"89","4",0.8197826772469,1
"89","5",0.000859534486068598,0
"89","6",0.0008595344860686,0
"89","7",0.00085953448606861,0
"89","8",0.000859534486068605,0
"89","9",0.00085953448606861,0
"89","10",0.000859534486068576,0
"91","1",0.000590991577320882,0
"91","2",0.000590991577320892,0
"91","3",0.782903141512322,1
"91","4",0.000590991577320901,0
"91","5",0.000590991577320872,0
"91","6",0.000590991577320903,0
"91","7",0.000590991577320879,0
"91","8",0.000590991577320894,0
"91","9",0.212368925869111,0
"91","10",0.000590991577320886,0
"92","1",0.0014644963680245,0
"92","2",0.25058461690689,0
"92","3",0.449507162517655,1
"92","4",0.00146449636802451,0
"92","5",0.00146449636802451,0
"92","6",0.00146449636802451,0
"92","7",0.00146449636802451,0
"92","8",0.00146449636802451,0
"92","9",0.00146449636802451,0
"92","10",0.289656745999284,0
"93","1",0.00146449636802445,0
"93","2",0.164562290449236,0
"93","3",0.00146449636802447,0
"93","4",0.00146449636802452,0
"93","5",0.00146449636802452,0
"93","6",0.00146449636802451,0
"93","7",0.823721738606568,1
"93","8",0.00146449636802452,0
"93","9",0.00146449636802451,0
"93","10",0.00146449636802451,0
"94","1",0.00185648949895348,0
"94","2",0.409428992789007,0
"94","3",0.00185648949895351,0
"94","4",0.00185648949895353,0
"94","5",0.00185648949895354,0
"94","6",0.00185648949895353,0
"94","7",0.575719091219364,1
"94","8",0.00185648949895353,0
"94","9",0.00185648949895354,0
"94","10",0.00185648949895354,0
"95","1",0.00494469991155002,0
"95","2",0.00494469991155002,0
"95","3",0.95549770079605,1
"95","4",0.00494469991155001,0
"95","5",0.00494469991155003,0
"95","6",0.00494469991154999,0
"95","7",0.00494469991155002,0
"95","8",0.00494469991155002,0
"95","9",0.00494469991155001,0
"95","10",0.00494469991155002,0
"96","1",0.00203835426555972,0
"96","2",0.00203835426555973,0
"96","3",0.00203835426555972,0
"96","4",0.00203835426555972,0
"96","5",0.981654811609962,1
"96","6",0.00203835426555973,0
"96","7",0.00203835426555973,0
"96","8",0.00203835426555973,0
"96","9",0.00203835426555971,0
"96","10",0.00203835426555971,0
"97","1",0.00185648949895354,0
"97","2",0.00185648949895353,0
"97","3",0.983291594509418,1
"97","4",0.00185648949895353,0
"97","5",0.00185648949895354,0
"97","6",0.00185648949895353,0
"97","7",0.00185648949895353,0
"97","8",0.00185648949895354,0
"97","9",0.00185648949895353,0
"97","10",0.00185648949895353,0
"98","1",0.000896570492742153,0
"98","2",0.000896570492742148,0
"98","3",0.000896570492742142,0
"98","4",0.000896570492742154,0
"98","5",0.00089657049274213,0
"98","6",0.000896570492742152,0
"98","7",0.000896570492742126,0
"98","8",0.000896570492742151,0
"98","9",0.991930865565321,1
"98","10",0.00089657049274216,0
"99","1",0.000646039096758982,0
"99","2",0.000646039096758973,0
"99","3",0.000646039096758985,0
"99","4",0.000646039096758999,0
"99","5",0.000646039096758961,0
"99","6",0.000646039096758963,0
"99","7",0.000646039096758971,0
"99","8",0.000646039096758967,0
"99","9",0.994185648129169,1
"99","10",0.000646039096758972,0
"100","1",0.990732958234422,1
"100","2",0.0010296713072865,0
"100","3",0.0010296713072865,0
"100","4",0.00102967130728647,0
"100","5",0.00102967130728649,0
"100","6",0.00102967130728649,0
"100","7",0.00102967130728644,0
"100","8",0.00102967130728649,0
"100","9",0.00102967130728649,0
"100","10",0.00102967130728648,0
"101","1",0.00253502463624819,0
"101","2",0.814352100569046,1
"101","3",0.00253502463624817,0
"101","4",0.00253502463624818,0
"101","5",0.00253502463624818,0
"101","6",0.00253502463624818,0
"101","7",0.00253502463624818,0
"101","8",0.165367702340968,0
"101","9",0.0025350246362482,0
"101","10",0.0025350246362482,0
"102","1",0.00225972017256336,0
"102","2",0.00225972017256335,0
"102","3",0.97966251844693,1
"102","4",0.00225972017256335,0
"102","5",0.00225972017256336,0
"102","6",0.00225972017256336,0
"102","7",0.00225972017256336,0
"102","8",0.00225972017256336,0
"102","9",0.00225972017256336,0
"102","10",0.00225972017256336,0
"103","1",0.00120918084594463,0
"103","2",0.00120918084594462,0
"103","3",0.00120918084594458,0
"103","4",0.00120918084594463,0
"103","5",0.00120918084594462,0
"103","6",0.00120918084594462,0
"103","7",0.989117372386498,1
"103","8",0.00120918084594463,0
"103","9",0.00120918084594463,0
"103","10",0.00120918084594462,0
"104","1",0.00335171061836052,0
"104","2",0.00335171061836051,0
"104","3",0.00335171061836051,0
"104","4",0.969834604434755,1
"104","5",0.00335171061836051,0
"104","6",0.00335171061836051,0
"104","7",0.0033517106183605,0
"104","8",0.00335171061836051,0
"104","9",0.0033517106183605,0
"104","10",0.00335171061836051,0
"105","1",0.00203835426555973,0
"105","2",0.00203835426555973,0
"105","3",0.00203835426555973,0
"105","4",0.00203835426555973,0
"105","5",0.00203835426555973,0
"105","6",0.981654811609962,1
"105","7",0.00203835426555973,0
"105","8",0.00203835426555973,0
"105","9",0.00203835426555973,0
"105","10",0.00203835426555972,0
"106","1",0.00253502463624819,0
"106","2",0.00253502463624818,0
"106","3",0.00253502463624818,0
"106","4",0.00253502463624819,0
"106","5",0.00253502463624819,0
"106","6",0.977184778273766,1
"106","7",0.00253502463624819,0
"106","8",0.00253502463624819,0
"106","9",0.00253502463624819,0
"106","10",0.0025350246362482,0
"107","1",0.00136819909189008,0
"107","2",0.00136819909189009,0
"107","3",0.00136819909189008,0
"107","4",0.00136819909189008,0
"107","5",0.00136819909189009,0
"107","6",0.0013681990918901,0
"107","7",0.00136819909189009,0
"107","8",0.00136819909189009,0
"107","9",0.987686208172989,1
"107","10",0.00136819909189004,0
"108","1",0.00157537521842207,0
"108","2",0.985821623034201,1
"108","3",0.00157537521842206,0
"108","4",0.00157537521842208,0
"108","5",0.00157537521842207,0
"108","6",0.00157537521842206,0
"108","7",0.00157537521842207,0
"108","8",0.00157537521842207,0
"108","9",0.00157537521842207,0
"108","10",0.00157537521842207,0
"109","1",0.000859534486068596,0
"109","2",0.0008595344860686,0
"109","3",0.000859534486068608,0
"109","4",0.000859534486068604,0
"109","5",0.000859534486068602,0
"109","6",0.000859534486068608,0
"109","7",0.992264189625383,1
"109","8",0.000859534486068603,0
"109","9",0.000859534486068596,0
"109","10",0.0008595344860686,0
"110","1",0.00335171061836052,0
"110","2",0.0033517106183605,0
"110","3",0.00335171061836051,0
"110","4",0.00335171061836052,0
"110","5",0.00335171061836051,0
"110","6",0.00335171061836049,0
"110","7",0.969834604434755,1
"110","8",0.00335171061836051,0
"110","9",0.00335171061836051,0
"110","10",0.0033517106183605,0
"111","1",0.000608267952760692,0
"111","2",0.000608267952760706,0
"111","3",0.000608267952760673,0
"111","4",0.000608267952760677,0
"111","5",0.00060826795276071,0
"111","6",0.000608267952760693,0
"111","7",0.000608267952760688,0
"111","8",0.000608267952760697,0
"111","9",0.00060826795276067,0
"111","10",0.994525588425154,1
"112","1",0.00146449636802445,0
"112","2",0.267933240009572,0
"112","3",0.00146449636802452,0
"112","4",0.00146449636802452,0
"112","5",0.00146449636802449,0
"112","6",0.720350789046232,1
"112","7",0.00146449636802453,0
"112","8",0.00146449636802451,0
"112","9",0.00146449636802453,0
"112","10",0.00146449636802452,0
"113","1",0.00253502463624819,0
"113","2",0.845992159583131,1
"113","3",0.00253502463624818,0
"113","4",0.00253502463624818,0
"113","5",0.00253502463624818,0
"113","6",0.00253502463624819,0
"113","7",0.00253502463624811,0
"113","8",0.133727643326883,0
"113","9",0.00253502463624818,0
"113","10",0.00253502463624818,0
"114","1",0.00253502463624818,0
"114","2",0.808516665913075,1
"114","3",0.00253502463624818,0
"114","4",0.171203136996939,0
"114","5",0.00253502463624818,0
"114","6",0.00253502463624819,0
"114","7",0.00253502463624819,0
"114","8",0.00253502463624819,0
"114","9",0.00253502463624819,0
"114","10",0.00253502463624818,0
"115","1",0.000936941863126881,0
"115","2",0.000936941863126888,0
"115","3",0.991567523231858,1
"115","4",0.000936941863126904,0
"115","5",0.000936941863126885,0
"115","6",0.000936941863126916,0
"115","7",0.000936941863126912,0
"115","8",0.000936941863126893,0
"115","9",0.000936941863126884,0
"115","10",0.000936941863126881,0
"116","1",0.0012837844440911,0
"116","2",0.00128378444409109,0
"116","3",0.00128378444409107,0
"116","4",0.00128378444409108,0
"116","5",0.98844594000318,1
"116","6",0.00128378444409108,0
"116","7",0.00128378444409108,0
"116","8",0.00128378444409109,0
"116","9",0.00128378444409107,0
"116","10",0.00128378444409107,0
"117","1",0.427653007860625,0
"117","2",0.00170441890387142,0
"117","3",0.00170441890387144,0
"117","4",0.00170441890387144,0
"117","5",0.00170441890387144,0
"117","6",0.00170441890387143,0
"117","7",0.00170441890387145,0
"117","8",0.00170441890387143,0
"117","9",0.00170441890387144,0
"117","10",0.558711640908404,1
"118","1",0.000793941387141911,0
"118","2",0.000793941387141928,0
"118","3",0.000793941387141932,0
"118","4",0.992854527515723,1
"118","5",0.000793941387141916,0
"118","6",0.000793941387141936,0
"118","7",0.000793941387141904,0
"118","8",0.000793941387141933,0
"118","9",0.000793941387141932,0
"118","10",0.000793941387141919,0
"119","1",0.00225972017256336,0
"119","2",0.00225972017256336,0
"119","3",0.97966251844693,1
"119","4",0.00225972017256336,0
"119","5",0.00225972017256337,0
"119","6",0.00225972017256336,0
"119","7",0.00225972017256336,0
"119","8",0.00225972017256336,0
"119","9",0.00225972017256336,0
"119","10",0.00225972017256336,0
"120","1",0.000981120402905158,0
"120","2",0.000981120402905159,0
"120","3",0.000981120402905194,0
"120","4",0.000981120402905165,0
"120","5",0.000981120402905173,0
"120","6",0.000981120402905186,0
"120","7",0.000981120402905166,0
"120","8",0.000981120402905177,0
"120","9",0.991169916373854,1
"120","10",0.000981120402905167,0
"121","1",0.987686208172989,1
"121","2",0.00136819909189009,0
"121","3",0.0013681990918901,0
"121","4",0.00136819909189009,0
"121","5",0.0013681990918901,0
"121","6",0.0013681990918901,0
"121","7",0.0013681990918901,0
"121","8",0.0013681990918901,0
"121","9",0.0013681990918901,0
"121","10",0.00136819909189009,0
"122","1",0.00120918084594461,0
"122","2",0.00120918084594459,0
"122","3",0.0012091808459446,0
"122","4",0.00120918084594457,0
"122","5",0.00120918084594459,0
"122","6",0.0012091808459446,0
"122","7",0.989117372386499,1
"122","8",0.00120918084594459,0
"122","9",0.00120918084594461,0
"122","10",0.00120918084594462,0
"123","1",0.00170441890387144,0
"123","2",0.00170441890387144,0
"123","3",0.00170441890387143,0
"123","4",0.00170441890387144,0
"123","5",0.00170441890387143,0
"123","6",0.00170441890387143,0
"123","7",0.984660229865157,1
"123","8",0.00170441890387144,0
"123","9",0.00170441890387142,0
"123","10",0.00170441890387143,0
"124","1",0.990250502761269,1
"124","2",0.00108327747097012,0
"124","3",0.00108327747097015,0
"124","4",0.00108327747097014,0
"124","5",0.00108327747097015,0
"124","6",0.00108327747097013,0
"124","7",0.00108327747097015,0
"124","8",0.00108327747097014,0
"124","9",0.00108327747097015,0
"124","10",0.00108327747097015,0
"125","1",0.23814428226975,0
"125","2",0.741575520640265,1
"125","3",0.00253502463624817,0
"125","4",0.00253502463624818,0
"125","5",0.00253502463624819,0
"125","6",0.00253502463624819,0
"125","7",0.00253502463624817,0
"125","8",0.00253502463624819,0
"125","9",0.00253502463624819,0
"125","10",0.00253502463624817,0
"126","1",0.00185648949895354,0
"126","2",0.00185648949895354,0
"126","3",0.0952297136473796,0
"126","4",0.00185648949895353,0
"126","5",0.00185648949895353,0
"126","6",0.889918370360992,1
"126","7",0.00185648949895349,0
"126","8",0.00185648949895354,0
"126","9",0.00185648949895354,0
"126","10",0.00185648949895354,0
"127","1",0.00146449636802452,0
"127","2",0.00146449636802452,0
"127","3",0.00146449636802452,0
"127","4",0.986819532687779,1
"127","5",0.00146449636802453,0
"127","6",0.00146449636802452,0
"127","7",0.00146449636802452,0
"127","8",0.00146449636802452,0
"127","9",0.00146449636802452,0
"127","10",0.0014644963680245,0
"128","1",0.00253502463624819,0
"128","2",0.00253502463624819,0
"128","3",0.0025350246362482,0
"128","4",0.00253502463624819,0
"128","5",0.00253502463624819,0
"128","6",0.00253502463624819,0
"128","7",0.327447645772889,0
"128","8",0.00253502463624818,0
"128","9",0.00253502463624819,0
"128","10",0.652272157137125,1
"129","1",0.00120918084594458,0
"129","2",0.00120918084594459,0
"129","3",0.989117372386499,1
"129","4",0.0012091808459446,0
"129","5",0.00120918084594461,0
"129","6",0.0012091808459446,0
"129","7",0.00120918084594459,0
"129","8",0.00120918084594461,0
"129","9",0.00120918084594459,0
"129","10",0.00120918084594455,0
"130","1",0.589808453758081,1
"130","2",0.00203835426555968,0
"130","3",0.00203835426555974,0
"130","4",0.00203835426555973,0
"130","5",0.00203835426555973,0
"130","6",0.00203835426555973,0
"130","7",0.00203835426555972,0
"130","8",0.00203835426555973,0
"130","9",0.393884712117442,0
"130","10",0.00203835426555972,0
"131","1",0.00288671687229913,0
"131","2",0.00288671687229911,0
"131","3",0.00288671687229911,0
"131","4",0.00288671687229913,0
"131","5",0.00288671687229912,0
"131","6",0.974019548149308,1
"131","7",0.00288671687229913,0
"131","8",0.00288671687229913,0
"131","9",0.00288671687229913,0
"131","10",0.00288671687229913,0
"132","1",0.00203835426555973,0
"132","2",0.00203835426555972,0
"132","3",0.00203835426555972,0
"132","4",0.00203835426555971,0
"132","5",0.00203835426555967,0
"132","6",0.00203835426555973,0
"132","7",0.416973423415834,0
"132","8",0.00203835426555973,0
"132","9",0.566719742459689,1
"132","10",0.00203835426555972,0
"133","1",0.00157537521842208,0
"133","2",0.985821623034201,1
"133","3",0.00157537521842209,0
"133","4",0.00157537521842209,0
"133","5",0.00157537521842208,0
"133","6",0.00157537521842204,0
"133","7",0.00157537521842208,0
"133","8",0.00157537521842209,0
"133","9",0.00157537521842208,0
"133","10",0.00157537521842208,0
"134","1",0.00146449636802451,0
"134","2",0.00146449636802452,0
"134","3",0.00146449636802451,0
"134","4",0.00146449636802451,0
"134","5",0.0014644963680245,0
"134","6",0.00146449636802451,0
"134","7",0.00146449636802451,0
"134","8",0.00146449636802452,0
"134","9",0.986819532687779,1
"134","10",0.00146449636802451,0
"135","1",0.991169916373853,1
"135","2",0.000981120402905193,0
"135","3",0.000981120402905153,0
"135","4",0.000981120402905188,0
"135","5",0.000981120402905184,0
"135","6",0.000981120402905175,0
"135","7",0.000981120402905183,0
"135","8",0.000981120402905185,0
"135","9",0.00098112040290519,0
"135","10",0.00098112040290516,0
"136","1",0.00185648949895353,0
"136","2",0.983291594509418,1
"136","3",0.00185648949895354,0
"136","4",0.00185648949895353,0
"136","5",0.00185648949895354,0
"136","6",0.00185648949895351,0
"136","7",0.00185648949895353,0
"136","8",0.00185648949895353,0
"136","9",0.00185648949895353,0
"136","10",0.00185648949895353,0
"137","1",0.992264189625383,1
"137","2",0.00085953448606861,0
"137","3",0.000859534486068606,0
"137","4",0.000859534486068601,0
"137","5",0.000859534486068605,0
"137","6",0.000859534486068606,0
"137","7",0.000859534486068614,0
"137","8",0.000859534486068587,0
"137","9",0.000859534486068601,0
"137","10",0.000859534486068625,0
"138","1",0.00288671687229912,0
"138","2",0.00288671687229912,0
"138","3",0.00288671687229913,0
"138","4",0.00288671687229912,0
"138","5",0.00288671687229912,0
"138","6",0.00288671687229913,0
"138","7",0.974019548149308,1
"138","8",0.00288671687229913,0
"138","9",0.00288671687229912,0
"138","10",0.00288671687229912,0
"139","1",0.983291594509418,1
"139","2",0.00185648949895353,0
"139","3",0.00185648949895354,0
"139","4",0.00185648949895352,0
"139","5",0.00185648949895349,0
"139","6",0.00185648949895354,0
"139","7",0.00185648949895351,0
"139","8",0.00185648949895354,0
"139","9",0.00185648949895354,0
"139","10",0.00185648949895354,0
"140","1",0.00120918084594461,0
"140","2",0.0012091808459446,0
"140","3",0.00120918084594459,0
"140","4",0.989117372386499,1
"140","5",0.00120918084594459,0
"140","6",0.00120918084594461,0
"140","7",0.00120918084594461,0
"140","8",0.00120918084594461,0
"140","9",0.0012091808459446,0
"140","10",0.00120918084594461,0
"141","1",0.00108327747097015,0
"141","2",0.0655829004478328,0
"141","3",0.925750879784406,1
"141","4",0.00108327747097015,0
"141","5",0.00108327747097014,0
"141","6",0.00108327747097013,0
"141","7",0.00108327747097015,0
"141","8",0.00108327747097015,0
"141","9",0.00108327747097013,0
"141","10",0.00108327747097015,0
"142","1",0.00170441890387143,0
"142","2",0.00170441890387143,0
"142","3",0.00170441890387144,0
"142","4",0.00170441890387143,0
"142","5",0.984660229865157,1
"142","6",0.00170441890387144,0
"142","7",0.00170441890387142,0
"142","8",0.00170441890387143,0
"142","9",0.00170441890387144,0
"142","10",0.00170441890387143,0
"143","1",0.00288671687229912,0
"143","2",0.00288671687229913,0
"143","3",0.490378681083929,1
"143","4",0.00288671687229913,0
"143","5",0.00288671687229911,0
"143","6",0.300197545619975,0
"143","7",0.189216755190002,0
"143","8",0.00288671687229913,0
"143","9",0.00288671687229913,0
"143","10",0.00288671687229913,0
"144","1",0.00128378444409107,0
"144","2",0.00128378444409108,0
"144","3",0.00128378444409106,0
"144","4",0.00128378444409108,0
"144","5",0.00128378444409108,0
"144","6",0.00128378444409107,0
"144","7",0.00128378444409107,0
"144","8",0.00128378444409104,0
"144","9",0.00128378444409107,0
"144","10",0.98844594000318,1
"145","1",0.990732958234422,1
"145","2",0.00102967130728651,0
"145","3",0.0010296713072865,0
"145","4",0.00102967130728648,0
"145","5",0.0010296713072865,0
"145","6",0.0010296713072865,0
"145","7",0.0010296713072865,0
"145","8",0.00102967130728649,0
"145","9",0.0010296713072865,0
"145","10",0.0010296713072865,0
"146","1",0.000712394622514942,0
"146","2",0.0952576202397792,0
"146","3",0.899043222780101,1
"146","4",0.000712394622514949,0
"146","5",0.000712394622514948,0
"146","6",0.00071239462251495,0
"146","7",0.000712394622514937,0
"146","8",0.000712394622514944,0
"146","9",0.000712394622514934,0
"146","10",0.000712394622514943,0
"147","1",0.00203835426555973,0
"147","2",0.00203835426555973,0
"147","3",0.981654811609962,1
"147","4",0.00203835426555971,0
"147","5",0.00203835426555972,0
"147","6",0.00203835426555973,0
"147","7",0.00203835426555972,0
"147","8",0.00203835426555972,0
"147","9",0.00203835426555974,0
"147","10",0.00203835426555972,0
"148","1",0.00102967130728651,0
"148","2",0.0010296713072865,0
"148","3",0.0010296713072865,0
"148","4",0.00102967130728651,0
"148","5",0.00102967130728645,0
"148","6",0.00102967130728647,0
"148","7",0.0010296713072865,0
"148","8",0.0010296713072865,0
"148","9",0.990732958234422,1
"148","10",0.00102967130728647,0
"149","1",0.00335171061836049,0
"149","2",0.00335171061836049,0
"149","3",0.00335171061836049,0
"149","4",0.0033517106183605,0
"149","5",0.00335171061836049,0
"149","6",0.00335171061836049,0
"149","7",0.647673639840717,1
"149","8",0.00335171061836049,0
"149","9",0.325512675212399,0
"149","10",0.00335171061836049,0
"150","1",0.00108327747097012,0
"150","2",0.00108327747097015,0
"150","3",0.00108327747097016,0
"150","4",0.00108327747097015,0
"150","5",0.00108327747097015,0
"150","6",0.00108327747097015,0
"150","7",0.00108327747097015,0
"150","8",0.00108327747097014,0
"150","9",0.990250502761269,1
"150","10",0.00108327747097014,0
"151","1",0.0012091808459446,0
"151","2",0.00120918084594459,0
"151","3",0.0012091808459446,0
"151","4",0.00120918084594461,0
"151","5",0.0012091808459446,0
"151","6",0.0012091808459446,0
"151","7",0.0012091808459446,0
"151","8",0.989117372386499,1
"151","9",0.0012091808459446,0
"151","10",0.0012091808459446,0
"152","1",0.000825436903219615,0
"152","2",0.000825436903219604,0
"152","3",0.000825436903219615,0
"152","4",0.000825436903219621,0
"152","5",0.000825436903219615,0
"152","6",0.000825436903219602,0
"152","7",0.000825436903219623,0
"152","8",0.000825436903219618,0
"152","9",0.992571067871023,1
"152","10",0.000825436903219618,0
"153","1",0.00225972017256336,0
"153","2",0.00225972017256336,0
"153","3",0.00225972017256336,0
"153","4",0.00225972017256336,0
"153","5",0.00225972017256336,0
"153","6",0.97966251844693,1
"153","7",0.00225972017256336,0
"153","8",0.00225972017256336,0
"153","9",0.00225972017256336,0
"153","10",0.00225972017256336,0
"154","1",0.0014644963680245,0
"154","2",0.00146449636802452,0
"154","3",0.00146449636802452,0
"154","4",0.00146449636802451,0
"154","5",0.0819934009814242,0
"154","6",0.00146449636802452,0
"154","7",0.90629062807438,1
"154","8",0.00146449636802451,0
"154","9",0.00146449636802452,0
"154","10",0.00146449636802451,0
"155","1",0.00494469991155002,0
"155","2",0.95549770079605,1
"155","3",0.00494469991155001,0
"155","4",0.00494469991155002,0
"155","5",0.00494469991155004,0
"155","6",0.00494469991155002,0
"155","7",0.00494469991155002,0
"155","8",0.00494469991155002,0
"155","9",0.00494469991155001,0
"155","10",0.00494469991155002,0
"156","1",0.00102967130728649,0
"156","2",0.990732958234422,1
"156","3",0.00102967130728648,0
"156","4",0.00102967130728649,0
"156","5",0.00102967130728649,0
"156","6",0.0010296713072865,0
"156","7",0.00102967130728648,0
"156","8",0.0010296713072865,0
"156","9",0.00102967130728649,0
"156","10",0.00102967130728649,0
"157","1",0.808957874279531,1
"157","2",0.0010296713072865,0
"157","3",0.00102967130728649,0
"157","4",0.00102967130728648,0
"157","5",0.00102967130728649,0
"157","6",0.00102967130728649,0
"157","7",0.00102967130728649,0
"157","8",0.00102967130728649,0
"157","9",0.182804755262177,0
"157","10",0.0010296713072865,0
"159","1",0.00170441890387144,0
"159","2",0.00170441890387142,0
"159","3",0.00170441890387143,0
"159","4",0.00170441890387143,0
"159","5",0.00170441890387144,0
"159","6",0.00170441890387143,0
"159","7",0.984660229865157,1
"159","8",0.00170441890387144,0
"159","9",0.00170441890387143,0
"159","10",0.00170441890387142,0
"160","1",0.00203835426555973,0
"160","2",0.00203835426555972,0
"160","3",0.981654811609962,1
"160","4",0.00203835426555973,0
"160","5",0.00203835426555972,0
"160","6",0.00203835426555972,0
"160","7",0.00203835426555972,0
"160","8",0.00203835426555973,0
"160","9",0.00203835426555972,0
"160","10",0.00203835426555972,0
"161","1",0.00288671687229913,0
"161","2",0.00288671687229913,0
"161","3",0.00288671687229911,0
"161","4",0.00288671687229913,0
"161","5",0.00288671687229912,0
"161","6",0.974019548149308,1
"161","7",0.00288671687229913,0
"161","8",0.00288671687229913,0
"161","9",0.00288671687229913,0
"161","10",0.00288671687229913,0
"162","1",0.00071239462251495,0
"162","2",0.668320079923668,1
"162","3",0.219516353105918,0
"162","4",0.107176804612809,0
"162","5",0.000712394622514932,0
"162","6",0.000712394622514925,0
"162","7",0.000712394622514912,0
"162","8",0.000712394622514944,0
"162","9",0.00071239462251493,0
"162","10",0.00071239462251494,0
"163","1",0.00170441890387144,0
"163","2",0.00170441890387144,0
"163","3",0.00170441890387144,0
"163","4",0.00170441890387144,0
"163","5",0.00170441890387144,0
"163","6",0.984660229865157,1
"163","7",0.00170441890387143,0
"163","8",0.00170441890387144,0
"163","9",0.00170441890387143,0
"163","10",0.00170441890387143,0
"164","1",0.00288671687229915,0
"164","2",0.974019548149308,1
"164","3",0.00288671687229912,0
"164","4",0.00288671687229913,0
"164","5",0.00288671687229912,0
"164","6",0.00288671687229912,0
"164","7",0.00288671687229911,0
"164","8",0.00288671687229911,0
"164","9",0.00288671687229912,0
"164","10",0.00288671687229911,0
"165","1",0.977184778273766,1
"165","2",0.00253502463624818,0
"165","3",0.00253502463624812,0
"165","4",0.00253502463624819,0
"165","5",0.00253502463624819,0
"165","6",0.00253502463624819,0
"165","7",0.0025350246362482,0
"165","8",0.00253502463624819,0
"165","9",0.00253502463624819,0
"165","10",0.00253502463624818,0
"166","1",0.00120918084594461,0
"166","2",0.00120918084594462,0
"166","3",0.00120918084594454,0
"166","4",0.0012091808459446,0
"166","5",0.00120918084594459,0
"166","6",0.00120918084594461,0
"166","7",0.00120918084594462,0
"166","8",0.00120918084594461,0
"166","9",0.989117372386499,1
"166","10",0.0012091808459446,0
"167","1",0.00170441890387144,0
"167","2",0.00170441890387143,0
"167","3",0.00170441890387143,0
"167","4",0.00170441890387145,0
"167","5",0.00170441890387143,0
"167","6",0.00170441890387144,0
"167","7",0.00170441890387144,0
"167","8",0.984660229865157,1
"167","9",0.00170441890387143,0
"167","10",0.00170441890387143,0
"168","1",0.00203835426555971,0
"168","2",0.00203835426555973,0
"168","3",0.00203835426555973,0
"168","4",0.00203835426555973,0
"168","5",0.00203835426555973,0
"168","6",0.00203835426555972,0
"168","7",0.00203835426555969,0
"168","8",0.00203835426555973,0
"168","9",0.981654811609962,1
"168","10",0.00203835426555973,0
"169","1",0.000896570492742142,0
"169","2",0.000896570492742153,0
"169","3",0.000896570492742156,0
"169","4",0.991930865565321,1
"169","5",0.000896570492742152,0
"169","6",0.000896570492742148,0
"169","7",0.000896570492742139,0
"169","8",0.000896570492742152,0
"169","9",0.000896570492742107,0
"169","10",0.000896570492742151,0
"170","1",0.00170441890387144,0
"170","2",0.00170441890387144,0
"170","3",0.00170441890387144,0
"170","4",0.00170441890387144,0
"170","5",0.00170441890387144,0
"170","6",0.00170441890387144,0
"170","7",0.00170441890387144,0
"170","8",0.00170441890387146,0
"170","9",0.00170441890387144,0
"170","10",0.984660229865157,1
"171","1",0.00288671687229911,0
"171","2",0.00288671687229911,0
"171","3",0.00288671687229911,0
"171","4",0.974019548149308,1
"171","5",0.00288671687229911,0
"171","6",0.00288671687229911,0
"171","7",0.00288671687229912,0
"171","8",0.00288671687229911,0
"171","9",0.00288671687229911,0
"171","10",0.00288671687229911,0
"172","1",0.00128378444409109,0
"172","2",0.00128378444409106,0
"172","3",0.00128378444409107,0
"172","4",0.00128378444409109,0
"172","5",0.00128378444409107,0
"172","6",0.00128378444409109,0
"172","7",0.00128378444409108,0
"172","8",0.98844594000318,1
"172","9",0.00128378444409108,0
"172","10",0.00128378444409108,0
"173","1",0.00136819909189009,0
"173","2",0.987686208172989,1
"173","3",0.00136819909189009,0
"173","4",0.00136819909189007,0
"173","5",0.0013681990918901,0
"173","6",0.00136819909189007,0
"173","7",0.00136819909189007,0
"173","8",0.00136819909189009,0
"173","9",0.00136819909189008,0
"173","10",0.00136819909189008,0
"174","1",0.00253502463624818,0
"174","2",0.00253502463624819,0
"174","3",0.00253502463624819,0
"174","4",0.00253502463624818,0
"174","5",0.00253502463624819,0
"174","6",0.00253502463624818,0
"174","7",0.00253502463624819,0
"174","8",0.977184778273766,1
"174","9",0.00253502463624819,0
"174","10",0.00253502463624819,0
"175","1",0.00108327747097015,0
"175","2",0.54477194616504,1
"175","3",0.00108327747097015,0
"175","4",0.00108327747097012,0
"175","5",0.00108327747097017,0
"175","6",0.446561834067198,0
"175","7",0.00108327747097016,0
"175","8",0.00108327747097015,0
"175","9",0.00108327747097013,0
"175","10",0.00108327747097012,0
"176","1",0.0020383542655597,0
"176","2",0.390306612979036,0
"176","3",0.00203835426555972,0
"176","4",0.00203835426555973,0
"176","5",0.00203835426555973,0
"176","6",0.00203835426555974,0
"176","7",0.00203835426555971,0
"176","8",0.00203835426555974,0
"176","9",0.00203835426555973,0
"176","10",0.593386552896486,1
"177","1",0.000440765187826896,0
"177","2",0.000440765187826882,0
"177","3",0.000440765187826911,0
"177","4",0.000440765187826881,0
"177","5",0.000440765187826879,0
"177","6",0.000440765187826873,0
"177","7",0.000440765187826888,0
"177","8",0.996033113309558,1
"177","9",0.000440765187826885,0
"177","10",0.000440765187826878,0
"178","1",0.00288671687229913,0
"178","2",0.00288671687229912,0
"178","3",0.00288671687229913,0
"178","4",0.00288671687229913,0
"178","5",0.00288671687229912,0
"178","6",0.00288671687229913,0
"178","7",0.00288671687229912,0
"178","8",0.00288671687229913,0
"178","9",0.00288671687229912,0
"178","10",0.974019548149308,1
"179","1",0.00225972017256336,0
"179","2",0.00225972017256336,0
"179","3",0.147510756026646,0
"179","4",0.00225972017256336,0
"179","5",0.00225972017256337,0
"179","6",0.834411482592847,1
"179","7",0.00225972017256336,0
"179","8",0.00225972017256337,0
"179","9",0.00225972017256335,0
"179","10",0.00225972017256336,0
"180","1",0.000825436903219631,0
"180","2",0.00082543690321963,0
"180","3",0.000825436903219588,0
"180","4",0.000825436903219629,0
"180","5",0.992571067871023,1
"180","6",0.000825436903219657,0
"180","7",0.000825436903219634,0
"180","8",0.000825436903219634,0
"180","9",0.000825436903219599,0
"180","10",0.000825436903219629,0
"181","1",0.00102967130728649,0
"181","2",0.0010296713072865,0
"181","3",0.00102967130728649,0
"181","4",0.00102967130728649,0
"181","5",0.00102967130728649,0
"181","6",0.00102967130728647,0
"181","7",0.990732958234422,1
"181","8",0.00102967130728646,0
"181","9",0.00102967130728649,0
"181","10",0.0010296713072865,0
"182","1",0.0013681990918901,0
"182","2",0.0013681990918901,0
"182","3",0.00136819909189005,0
"182","4",0.0013681990918901,0
"182","5",0.987686208172989,1
"182","6",0.0013681990918901,0
"182","7",0.0013681990918901,0
"182","8",0.0013681990918901,0
"182","9",0.00136819909189005,0
"182","10",0.00136819909189009,0
"183","1",0.00114277180882687,0
"183","2",0.00114277180882685,0
"183","3",0.989715053720558,1
"183","4",0.00114277180882686,0
"183","5",0.00114277180882687,0
"183","6",0.00114277180882686,0
"183","7",0.00114277180882688,0
"183","8",0.00114277180882687,0
"183","9",0.00114277180882687,0
"183","10",0.00114277180882686,0
"184","1",0.00225972017256335,0
"184","2",0.00225972017256336,0
"184","3",0.00225972017256335,0
"184","4",0.00225972017256336,0
"184","5",0.97966251844693,1
"184","6",0.00225972017256336,0
"184","7",0.00225972017256336,0
"184","8",0.00225972017256335,0
"184","9",0.00225972017256335,0
"184","10",0.00225972017256335,0
"185","1",0.00157537521842207,0
"185","2",0.00157537521842207,0
"185","3",0.00157537521842207,0
"185","4",0.00157537521842207,0
"185","5",0.00157537521842207,0
"185","6",0.00157537521842207,0
"185","7",0.985821623034201,1
"185","8",0.00157537521842206,0
"185","9",0.00157537521842205,0
"185","10",0.00157537521842208,0
"186","1",0.00108327747097014,0
"186","2",0.00108327747097015,0
"186","3",0.00108327747097014,0
"186","4",0.691389569124239,1
"186","5",0.00108327747097015,0
"186","6",0.00108327747097014,0
"186","7",0.00108327747097014,0
"186","8",0.299944211108,0
"186","9",0.00108327747097014,0
"186","10",0.00108327747097014,0
"187","1",0.00203835426555973,0
"187","2",0.42413399362941,0
"187","3",0.00203835426555967,0
"187","4",0.00203835426555973,0
"187","5",0.559559172246113,1
"187","6",0.00203835426555973,0
"187","7",0.00203835426555972,0
"187","8",0.00203835426555972,0
"187","9",0.00203835426555968,0
"187","10",0.00203835426555973,0
"188","1",0.000825436903219634,0
"188","2",0.000825436903219625,0
"188","3",0.992571067871023,1
"188","4",0.000825436903219631,0
"188","5",0.000825436903219601,0
"188","6",0.000825436903219623,0
"188","7",0.000825436903219633,0
"188","8",0.000825436903219626,0
"188","9",0.000825436903219626,0
"188","10",0.000825436903219602,0
"189","1",0.000859534486068601,0
"189","2",0.000859534486068608,0
"189","3",0.000859534486068604,0
"189","4",0.000859534486068595,0
"189","5",0.000859534486068602,0
"189","6",0.000859534486068605,0
"189","7",0.000859534486068592,0
"189","8",0.000859534486068607,0
"189","9",0.992264189625383,1
"189","10",0.000859534486068599,0
"190","1",0.00399527075917908,0
"190","2",0.00399527075917908,0
"190","3",0.00399527075917907,0
"190","4",0.00399527075917908,0
"190","5",0.964042563167388,1
"190","6",0.00399527075917908,0
"190","7",0.00399527075917908,0
"190","8",0.00399527075917908,0
"190","9",0.00399527075917908,0
"190","10",0.00399527075917908,0
"191","1",0.00108327747097015,0
"191","2",0.00108327747097014,0
"191","3",0.00108327747097014,0
"191","4",0.00108327747097015,0
"191","5",0.00108327747097015,0
"191","6",0.00108327747097012,0
"191","7",0.00108327747097014,0
"191","8",0.990250502761269,1
"191","9",0.00108327747097014,0
"191","10",0.00108327747097014,0
"192","1",0.00203835426555969,0
"192","2",0.00203835426555972,0
"192","3",0.00203835426555973,0
"192","4",0.00203835426555973,0
"192","5",0.00203835426555973,0
"192","6",0.00203835426555973,0
"192","7",0.00203835426555973,0
"192","8",0.00203835426555973,0
"192","9",0.00203835426555973,0
"192","10",0.981654811609962,1
"193","1",0.00288671687229913,0
"193","2",0.00288671687229908,0
"193","3",0.00288671687229911,0
"193","4",0.00288671687229913,0
"193","5",0.00288671687229912,0
"193","6",0.974019548149308,1
"193","7",0.00288671687229913,0
"193","8",0.00288671687229913,0
"193","9",0.00288671687229913,0
"193","10",0.00288671687229913,0
"194","1",0.00288671687229912,0
"194","2",0.00288671687229913,0
"194","3",0.00288671687229913,0
"194","4",0.00288671687229913,0
"194","5",0.00288671687229913,0
"194","6",0.00288671687229913,0
"194","7",0.00288671687229913,0
"194","8",0.974019548149308,1
"194","9",0.00288671687229913,0
"194","10",0.00288671687229912,0
"195","1",0.00157537521842207,0
"195","2",0.00157537521842207,0
"195","3",0.00157537521842207,0
"195","4",0.00157537521842207,0
"195","5",0.00157537521842206,0
"195","6",0.00157537521842207,0
"195","7",0.00157537521842206,0
"195","8",0.985821623034201,1
"195","9",0.00157537521842207,0
"195","10",0.00157537521842207,0
"196","1",0.00185648949895354,0
"196","2",0.00185648949895354,0
"196","3",0.00185648949895354,0
"196","4",0.00185648949895354,0
"196","5",0.00185648949895353,0
"196","6",0.00185648949895354,0
"196","7",0.00185648949895354,0
"196","8",0.00185648949895354,0
"196","9",0.00185648949895353,0
"196","10",0.983291594509418,1
"197","1",0.00203835426555973,0
"197","2",0.00203835426555973,0
"197","3",0.00203835426555973,0
"197","4",0.00203835426555973,0
"197","5",0.981654811609962,1
"197","6",0.00203835426555973,0
"197","7",0.00203835426555973,0
"197","8",0.00203835426555972,0
"197","9",0.00203835426555973,0
"197","10",0.00203835426555973,0
"198","1",0.00335171061836051,0
"198","2",0.00335171061836051,0
"198","3",0.969834604434755,1
"198","4",0.00335171061836051,0
"198","5",0.00335171061836051,0
"198","6",0.00335171061836051,0
"198","7",0.0033517106183605,0
"198","8",0.00335171061836051,0
"198","9",0.0033517106183605,0
"198","10",0.00335171061836051,0
"199","1",0.00399527075917908,0
"199","2",0.00399527075917908,0
"199","3",0.964042563167388,1
"199","4",0.00399527075917907,0
"199","5",0.00399527075917908,0
"199","6",0.00399527075917908,0
"199","7",0.00399527075917908,0
"199","8",0.00399527075917908,0
"199","9",0.00399527075917907,0
"199","10",0.00399527075917908,0
"200","1",0.00120918084594461,0
"200","2",0.0012091808459446,0
"200","3",0.00120918084594459,0
"200","4",0.989117372386499,1
"200","5",0.00120918084594459,0
"200","6",0.00120918084594461,0
"200","7",0.00120918084594461,0
"200","8",0.00120918084594461,0
"200","9",0.0012091808459446,0
"200","10",0.00120918084594461,0
"201","1",0.00102967130728649,0
"201","2",0.00102967130728649,0
"201","3",0.0010296713072865,0
"201","4",0.00102967130728649,0
"201","5",0.990732958234422,1
"201","6",0.0010296713072865,0
"201","7",0.00102967130728649,0
"201","8",0.0010296713072865,0
"201","9",0.00102967130728646,0
"201","10",0.00102967130728647,0
"202","1",0.00120918084594462,0
"202","2",0.00120918084594461,0
"202","3",0.989117372386499,1
"202","4",0.00120918084594461,0
"202","5",0.00120918084594459,0
"202","6",0.00120918084594461,0
"202","7",0.00120918084594461,0
"202","8",0.0012091808459446,0
"202","9",0.00120918084594458,0
"202","10",0.00120918084594459,0
"203","1",0.00335171061836051,0
"203","2",0.00335171061836051,0
"203","3",0.00335171061836049,0
"203","4",0.00335171061836051,0
"203","5",0.00335171061836051,0
"203","6",0.00335171061836051,0
"203","7",0.00335171061836051,0
"203","8",0.0033517106183605,0
"203","9",0.00335171061836052,0
"203","10",0.969834604434755,1
"204","1",0.00225972017256335,0
"204","2",0.00225972017256336,0
"204","3",0.00225972017256336,0
"204","4",0.00225972017256336,0
"204","5",0.00225972017256336,0
"204","6",0.97966251844693,1
"204","7",0.00225972017256336,0
"204","8",0.00225972017256336,0
"204","9",0.00225972017256336,0
"204","10",0.00225972017256336,0
"205","1",0.0010296713072865,0
"205","2",0.0010296713072865,0
"205","3",0.990732958234422,1
"205","4",0.0010296713072865,0
"205","5",0.00102967130728647,0
"205","6",0.0010296713072865,0
"205","7",0.0010296713072865,0
"205","8",0.00102967130728651,0
"205","9",0.0010296713072865,0
"205","10",0.00102967130728649,0
